{
  "minecraft:recipes/decorations/crafting_table": {
    "criteria": {
      "unlock_right_away": "2024-06-03 01:49:03 +0000"
    },
    "done": true
  },
  "betternether:root": {
    "criteria": {
      "welcome": "2024-06-03 01:49:03 +0000"
    },
    "done": true
  },
  "betterend:root": {
    "criteria": {
      "welcome": "2024-06-03 01:49:03 +0000"
    },
    "done": true
  },
  "dungeons_arise:wda_root": {
    "criteria": {
      "WDA": "2024-06-03 01:49:03 +0000"
    },
    "done": true
  },
  "betterdungeons:root": {
    "criteria": {
      "always": "2024-06-03 01:49:03 +0000"
    },
    "done": true
  },
  "rpg_classes:root": {
    "criteria": {
      "always": "2024-06-03 01:49:03 +0000"
    },
    "done": true
  },
  "betterdeserttemples:root": {
    "criteria": {
      "always": "2024-06-03 01:49:03 +0000"
    },
    "done": true
  },
  "minecraft:adventure/adventuring_time": {
    "criteria": {
      "minecraft:old_growth_pine_taiga": "2024-06-03 02:00:16 +0000",
      "minecraft:taiga": "2024-06-03 01:58:27 +0000",
      "minecraft:beach": "2024-06-03 01:58:32 +0000",
      "minecraft:dark_forest": "2024-06-03 01:59:59 +0000",
      "minecraft:river": "2024-06-03 01:58:37 +0000",
      "minecraft:cold_ocean": "2024-06-03 01:58:40 +0000",
      "minecraft:forest": "2024-06-03 01:49:03 +0000",
      "minecraft:old_growth_spruce_taiga": "2024-06-03 01:59:00 +0000"
    },
    "done": false
  },
  "minecells:root": {
    "criteria": {
      "requirement": "2024-06-03 02:00:40 +0000"
    },
    "done": true
  },
  "DataVersion": 3465
}